lesson	title	focus	canDo	part1	part2	phrase1	phrase2	phrase3
1	A puma at large｜逃遁的美洲狮	报告、证据与推断；复合句中的修饰关系	根据几条线索说明一项推断，并区分事实与猜测	目击报告与专家开始调查的原因	搜寻痕迹、来源推断与未解决的结局	Several neighbours reported a strange noise.｜几位邻居报告听到了奇怪的声音。	The marks on the ground suggest that an animal passed through.｜地上的痕迹表明有动物经过。	We still do not know where it came from.｜我们仍不知道它来自哪里。
2	Thirteen equals one｜十三等于一	过去叙事与持续动作；对话中的回应	讲清一次维修中的意外，并作出合适回应	教堂钟损坏、夜间突然报时	牧师发现修钟人及双方的对话	I have been trying to fix this clock all week.｜我整个星期都在设法修这只钟。	It started working, but the time was wrong.｜它开始走了，但时间不对。	At least we know what the problem is now.｜至少我们现在知道问题出在哪里了。
3	An unknown goddess｜无名女神	考古证据、过去推测与被动描述	介绍一件发现物，说明已知信息与尚未确定之处	古城与神庙的发现、文明线索	雕像碎片的拼合、外形与身份疑问	The object was found beneath an old wall.｜这件物品是在一堵旧墙下面发现的。	It must have been important to the people who made it.｜它对制作它的人一定很重要。	Its purpose has not yet been established.｜它的用途尚未确定。
4	The double life of Alfred Bloggs｜阿尔弗雷德·布洛格斯的双重生活	职业身份、原因与让步；外表和实际的对比	解释一项职业选择，比较收入、地位和个人感受	体力工作与办公室工作的社会看法	Alf隐瞒职业的日常做法及最终选择	The new position pays less but offers more regular hours.｜新职位收入更低，但工作时间更规律。	She was reluctant to tell her friends about the change.｜她不太愿意把这一变化告诉朋友。	For her, job satisfaction matters more than status.｜对她来说，工作满意度比地位更重要。
5	The facts｜确切数字	信息核实、间接指令与事件因果	说明一次信息核实的过程，交代要求与延误原因	编辑要求记者补充确切数字	催稿、记者被捕与迟来的解释	The editor asked me to confirm the figures.｜编辑让我核实这些数字。	I could not reply until I had checked the original record.｜核对原始记录后我才能回复。	A precise number is useful only when its source is reliable.｜只有来源可靠，精确的数字才有用。
6	Smash-and-grab｜砸橱窗抢劫	动作顺序、过去进行与背景描写	按时间顺序叙述一起突发事件	商店开门与橱窗布置的平静场景	车辆闯入、抢劫、店员反应与逃离	The staff were arranging the display when they heard a crash.｜员工正在布置展台，突然听到一声撞击。	Within minutes, the street was full of people.｜几分钟内，街上就挤满了人。	By the time help arrived, the disturbance was over.｜救援人员赶到时，骚乱已经结束了。
7	Mutilated ladies｜残钞鉴别组	意外损坏、补救流程与条件表达	说明物品受损的经过，并描述申请补救所需条件	残钞处理部门的作用	钱包被误放微波炉、鉴定与赔偿	I left an important receipt in a pocket before washing the coat.｜洗外套前，我把一张重要收据忘在口袋里了。	Fortunately, the date and amount could still be read.｜幸好日期和金额仍能辨认。	The shop agreed to help as long as I could prove the purchase.｜只要我能证明购买记录，商店就同意提供帮助。
8	A famous monastery｜著名的修道院	地点说明、非限定性定语从句与季节对比	介绍一个地方，并比较不同季节的生活	山口、修道院及救援犬的背景	夏季游人和冬季生活的对比	The village, which lies beside a mountain pass, receives many visitors.｜这个村庄位于山口旁，接待许多游客。	In summer, the streets are crowded with walkers.｜夏天，街上挤满了徒步者。	During winter, the residents enjoy a much quieter life.｜冬天，居民享受着安静得多的生活。
9	Flying cats｜飞猫	观察、研究结果与原因解释	用研究中的信息解释一种现象，避免过度概括	猫的独立性与坠落生还现象	研究样本、实例与文中解释	The researchers compared several recorded cases.｜研究人员比较了几个记录在案的案例。	The results suggest a possible explanation.｜这些结果提示了一种可能的解释。	One unusual example does not prove a general rule.｜一个不寻常的例子并不能证明普遍规律。
10	The loss of the Titanic｜“泰坦尼克”号的沉没	预期与实际的反差；时间线与因果	讲清一场事故的背景、关键转折及后果	巨轮规模和被认为安全的原因	发现冰山、船体受损与撤离后果	The system was believed to be completely reliable.｜人们原以为这套系统完全可靠。	However, a small warning revealed a much larger problem.｜然而，一个小小的警报暴露出了更大的问题。	The delay left too little time for an orderly evacuation.｜这一耽搁使有序撤离的时间所剩无几。
11	Not guilty｜无罪	礼貌问答、检查流程与叙事语气	用礼貌语言应对检查，解释物品的用途	海关检查中的怀疑与行李翻查	小瓶引发的误会、解释与放行	Would you like me to open this bag?｜您需要我打开这个包吗？	This bottle contains a homemade cleaning solution.｜这个瓶子里装的是自制清洁液。	Once I had explained its purpose, the misunderstanding was resolved.｜我解释了它的用途后，误会便消除了。
12	Life on a desert island｜荒岛生活	两种想象与实际经历的对照	比较想象与现实，并用具体经历支持观点	对荒岛生活的两种相反想象	两人遇险、在岛上生存及获救	I had imagined the trip would be either perfect or disastrous.｜我原以为这次旅行要么完美，要么糟透了。	In reality, we faced difficulties but also enjoyed unexpected moments.｜实际上，我们遇到了困难，也享受了意外的美好时刻。	The experience was more complicated than either picture suggested.｜这次经历比那两种想象所暗示的都更复杂。
13	It's only me｜“是我，别害怕！”	过去完成时、时间衔接与误会	讲述一场误会，区分不同人物知道的信息	准备化装服装并试穿	误判来访者、躲藏及惊吓的结果	I had put on the costume before the doorbell rang.｜门铃响之前，我已经穿好了戏服。	Assuming it was my friend, I hid behind the door.｜我以为来的是朋友，就躲到了门后。	The visitor was frightened before I could explain.｜我还没来得及解释，来访者就受到了惊吓。
14	A noble gangster｜贵族歹徒	称号与行为的反差；让步和评价	概述一个历史人物，并用行为证据评价称号	保护费现象与历史人物的引入	雇佣军获利方式及身后荣誉	He was praised as a hero by some of his neighbours.｜一些邻居把他称赞为英雄。	Yet the methods he used caused considerable harm.｜然而，他采用的手段造成了相当大的伤害。	A flattering title should not prevent us from examining the facts.｜一个好听的称号不应妨碍我们审视事实。
15	Fifty pence worth of trouble｜五十便士的麻烦	小事引发的连锁结果；动作描写	讲述一次小失误如何变成麻烦及最后怎样解决	零花钱习惯与硬币掉落	伸手取币、被卡、获救与补偿	I dropped a key through a narrow gap.｜我把一把钥匙掉进了狭窄的缝隙。	In trying to reach it, I made the problem worse.｜我试图够到它，结果让问题变得更糟。	A small mistake ended up taking the whole afternoon to solve.｜一个小错误最后花了整个下午才解决。
16	Mary had a little lamb｜玛丽有一头小羔羊	证据变化、推断与过去完成时	叙述失物调查，并根据新证据修正判断	羔羊丢失与寻找线索	邻居解释、短暂道歉与雨中真相	The missing bag had been moved before we arrived.｜我们到达前，那个不见的包就被移动过了。	At first, the explanation seemed convincing.｜起初，这个解释似乎很有说服力。	New evidence made us reconsider our conclusion.｜新的证据使我们重新考虑结论。
17	The longest suspension bridge in the world｜世界上最长的吊桥	工程说明、数字与定语从句	清晰介绍一项工程的用途、结构和规模	命名背景与连接的地点	桥塔、钢缆、承载力和设计特点	The bridge links two districts that were once difficult to reach.｜这座桥连接了两个以前交通不便的地区。	Its cables carry the weight of the road below.｜它的钢缆承托着下方桥面的重量。	What impresses me most is the simplicity of the design.｜最让我印象深刻的是设计的简洁。
18	Electric currents in modern art｜现代艺术中的电流	感官描写、比喻与个人评价	描述一件展品，并区分观察和个人感受	现代雕塑的普遍性与展览提示	运动装置、灯光声音及作者反应	The installation responds to movement in the room.｜这件装置会对室内的动作作出反应。	Its flashing lights reminded me of a busy crossing.｜它闪烁的灯光让我想起繁忙的路口。	I found it striking, although I was unsure what it meant.｜我觉得它很醒目，尽管不确定它表达了什么。
19	A very dear cat｜一只贵重的宝贝猫	条件要求、人物心理与一词多义	讲述一次失而复得的经历，解释人的决定	宠物日常与失踪后的寻找	匿名信、付款、宠物归来与双关结尾	The owner was anxious when the dog failed to return.｜狗没有回来，主人非常着急。	She was willing to spend time and money searching for it.｜她愿意花时间和金钱寻找它。	Its safe return meant more to her than the expense.｜对她而言，它平安归来比花费更重要。
20	Pioneer pilots｜飞行员的先驱	两条人物时间线与比较	对照两次尝试，讲清准备、挫折和结果	奖金设立与Latham第一次尝试	Blériot的准备、成功及Latham再次失利	Both teams were attempting the same difficult journey.｜两支队伍都在尝试同一段艰难旅程。	One succeeded after careful preparation, while the other faced another setback.｜一支队伍精心准备后成功了，另一支却再次受挫。	Comparing the two attempts shows why timing mattered.｜比较这两次尝试可以看出时机为何重要。
21	Daniel Mendoza｜丹尼尔·门多萨	人物传记、时间线与盛衰对比	概述一个人的贡献、转折和结局	早期拳击与Mendoza的贡献	师徒竞争、成名、债务与晚年	Her approach helped turn a rough game into a disciplined sport.｜她的方法帮助一项粗放的活动变成了讲究规则的运动。	Success brought her fame but did not solve every problem.｜成功为她带来了名气，却没有解决所有问题。	Her later difficulties should be considered alongside her achievements.｜她后来的困难应与她的成就一并看待。
22	By heart｜熟记台词	角色对话、预期与机智回应	讲清一段对话中的试探、应对和反转	长期演出与演员对道具信的依赖	空白信的恶作剧及演员化解方式	I thought I knew the speech by heart.｜我以为自己已经把演讲稿背熟了。	When the notes disappeared, I had to improvise.｜笔记不见后，我只好临场发挥。	A calm response helped me recover from the surprise.｜冷静的回应帮助我从意外中恢复过来。
23	One man's meat is another man's poison｜各有所爱	文化差异、举例与让步	尊重地解释不同饮食偏好，并给出例子	不同地区对食物的不同看法	蜗牛礼物、晚餐邀请与意外逃脱	What seems delicious to one person may seem unpleasant to another.｜一个人觉得美味的东西，另一个人可能觉得难以接受。	Our preferences are strongly influenced by what we ate as children.｜我们的喜好深受童年饮食的影响。	I can respect a tradition without enjoying every dish.｜即使不是每道菜都喜欢，我仍能尊重一种传统。
24	A skeleton in the cupboard｜“家丑”	习语字面义与比喻义；悬念和解释	解释一个习语，并讲清意外发现的真相	隐藏秘密的习语及小说中的用法	客房衣柜中的发现与医学背景解释	I took the expression literally and misunderstood the story.｜我按字面理解这个表达，结果误解了故事。	The discovery seemed alarming until its background was explained.｜在背景得到解释之前，这一发现显得令人不安。	Context can completely change the meaning of a phrase.｜语境可以彻底改变一个短语的含义。
25	The Cutty Sark｜“卡蒂萨克”号帆船	竞赛时间线与过去假设	说明一次竞赛的关键转折，作出有依据的假设	帆船背景与比赛开始	失舵、抢修、延误及成绩评价	The team lost valuable time when a vital part broke.｜一个关键部件损坏，使队伍损失了宝贵时间。	If the delay had been avoided, the result might have been different.｜如果能避免延误，结果或许会不同。	Even so, finishing the journey was an impressive achievement.｜即便如此，完成这段旅程仍是令人赞叹的成就。
26	Wanted: a large biscuit tin｜征购大饼干筒	广告诱因、让步与出乎预期的结果	分析一次促销的吸引力与意外代价	广告如何利用免费心理	饼干竞赛、超大参赛作品与成本	The offer sounded attractive because the entry was free.｜这项活动听起来很有吸引力，因为报名免费。	The organisers had underestimated how far people would go.｜组织者低估了人们会做到什么程度。	The campaign cost far more than they had expected.｜这次活动的花费远超他们的预期。
27	Nothing to sell and nothing to buy｜不卖也不买	抽象观点、例外与价值比较	讨论自由与物质需求，承认观点中的限制	商品、技能与服务价值的比较	流浪生活作为例外及其代价	Money can measure a price more easily than a person's contribution.｜金钱衡量价格比衡量一个人的贡献更容易。	A simpler life may offer freedom, but it also involves uncertainty.｜更简单的生活可能带来自由，但也伴随着不确定性。	I would hesitate to judge a lifestyle from appearances alone.｜我不会轻易只凭外表判断一种生活方式。
28	Five pounds too dear｜五镑也太贵	讨价还价、心理变化与反讽	复述一次交易，并解释价值判断如何改变	船上销售与登岸后的推销	还价成交、离开及发现戒指无价值	The seller gradually reduced the price.｜卖家逐渐降低了价格。	I mistook a large discount for evidence of good value.｜我把大幅折扣误当成了物有所值的证据。	A bargain is only a bargain if the item is worth buying.｜只有东西值得买，低价才算划算。
29	Funny or not?｜是否可笑？	幽默的文化背景、举例与反差	解释一个笑话的笑点和可能不受欢迎的原因	幽默与文化差异、不同类型的笑话	具体滑稽情境及意外结局	The joke depends on an unexpected change of perspective.｜这个笑话依赖一个出乎意料的视角变化。	Some listeners found it amusing, while others felt uncomfortable.｜一些听众觉得好笑，另一些却觉得不舒服。	Knowing the audience matters as much as choosing the words.｜了解听众和选择措辞同样重要。
30	The death of a ghost｜幽灵之死	传言、事实揭示与过去叙事	重述一则传言如何被事实重新解释	农场夜间工作引发的闹鬼传闻	隐藏人物的身世、死亡与真相揭示	People repeated the story until it sounded like a fact.｜人们反复讲述这个故事，直到它听起来像事实一样。	A later discovery provided a less mysterious explanation.｜后来的发现提供了一个不那么神秘的解释。	The evidence changed our understanding of the earlier events.｜证据改变了我们对先前事件的理解。
31	A lovable eccentric｜可爱的怪人	人物概括与事例支持；让步评价	用两个具体事例描述一个人的性格	对真正怪人的概括与Dickie的背景	反感势利的行为及不同场合的趣事	He ignored conventions without trying to attract attention.｜他不拘惯例，却并非为了引人注意。	One incident reveals more about his character than a list of qualities.｜一个事件比一串性格标签更能说明他的为人。	Although his behaviour was unusual, people valued his generosity.｜尽管他的行为不同寻常，人们仍看重他的慷慨。
32	A lost ship｜一艘沉船	搜索、证据排除与发现价值	按证据说明最初判断为何错误及新发现的意义	搜寻失败与船长决定再试一次	打捞物证、识别另一沉船与发现价值	The first object raised our hopes.｜第一件打捞上来的物品让我们看到了希望。	Closer examination showed that our initial conclusion was wrong.｜进一步检查表明，最初的结论是错误的。	What we found was unexpected but valuable in a different way.｜我们发现的东西出乎意料，却具有另一种价值。
33	A day to remember｜难忘的一天	连锁反应、同时动作与因果衔接	把多件同时发生的事讲成清楚的事件链	日常小事引发连锁麻烦的例子	道路上的连续事故及最后的混乱	While I was dealing with one problem, another appeared.｜我正在处理一个问题时，另一个问题出现了。	A minor delay set off a chain of unexpected events.｜一次小耽搁引发了一连串意外。	By the end of the day, even the simplest task had become difficult.｜到一天结束时，连最简单的任务都变得困难了。
34	A happy discovery｜幸运的发现	知识、观察与发现过程	解释一次发现如何依靠知识而非单纯运气	古董店环境与鉴赏知识的重要性	Frank查看货箱、识别并买下画作	Experience helped her notice a detail that others had missed.｜经验帮助她注意到别人忽略的细节。	She recognised its value before asking the price.｜询价之前，她已经认出了它的价值。	The discovery involved luck, but it also required knowledge.｜这次发现有运气成分，但也需要知识。
35	Justice was done｜伸张正义	抽象概念到具体事例；讽刺结尾	用一个事例解释抽象观点，并限定结论	正义的抽象含义与自然惩罚的说法	店中呼救、烟囱救援与窃贼身份	The story illustrates a common idea about fairness.｜这个故事说明了人们关于公平的一种常见看法。	His own actions led to an outcome he had not intended.｜他自己的行为造成了他没有预料到的结果。	One striking example is not enough to establish a universal rule.｜一个鲜明的例子不足以确立普遍规律。
36	A chance in a million｜百万分之一的机遇	巧合、双线经历与时间顺序	讲清两个人物分离与重逢的不同经历	小说巧合与现实偶遇的引入	兄弟相认、战时失联与各自经历	For years, each family believed the other had moved away.｜多年来，两家人都以为对方已经搬走。	A chance meeting brought the two accounts together.｜一次偶遇把两段经历联系起来了。	The coincidence only makes sense when both histories are known.｜只有了解双方经历，这个巧合才说得通。
37	The Westhaven Express｜开往威斯特海温的快车	预期、抱怨与信息核对	描述一次行程误判，并有条理地澄清问题	对铁路准点的信任与查时刻表	慢车行程、向站长抱怨和脚注真相	I planned the journey according to the timetable.｜我按照时刻表安排了行程。	I had overlooked a small note beside the departure time.｜我忽略了发车时间旁的一条小注释。	Before making a complaint, I should check all the details.｜投诉之前，我应该核对所有细节。
38	The first calendar｜最早的日历	有限线索、推断与谨慎措辞	解释研究者如何从遗留痕迹提出一种解释	记录现代历史与重建远古的区别	刻痕、月相关联与早期日历推断	Only a few traces of the original pattern remain.｜原来图案的痕迹只留下少许。	Researchers compared them with evidence from other sites.｜研究人员把它们与其他遗址的证据进行了比较。	The markings may have been used to record recurring events.｜这些刻痕可能曾用来记录周期性事件。
39	Nothing to worry about｜不必担心	风险感受对比、动作与让步	比较同一旅程中不同人的判断，并说明风险	崎岖道路与Bruce的无畏态度	跨越裂缝、进入水塘及耗尽燃油	The driver remained confident despite the worsening conditions.｜尽管路况越来越差，司机仍然信心十足。	We were more concerned about the risks than he was.｜相比他，我们更担心其中的风险。	Confidence alone could not prevent a practical problem.｜仅有信心无法阻止实际问题发生。
40	Who's who｜真假难辨	转述、多方信息差与误会升级	分别说明各方听到什么、相信什么及误会如何解除	学生恶作剧与分别传递的错误消息	警察和工人冲突、电话核实与真相	Each side acted on information supplied by the same stranger.｜双方都根据同一个陌生人提供的信息行事。	Neither realised that the other had also been misled.｜双方都没意识到对方也受到了误导。	A direct conversation finally exposed the misunderstanding.｜一次直接沟通终于揭穿了这场误会。
41	Illusions of pastoral peace｜宁静田园生活的遐想	观点、反驳与城乡比较	提出居住偏好，用具体理由回应另一种选择	作者对田园理想的质疑	乡村不便、城市优点与个人立场	Living near nature has obvious attractions.｜住在大自然附近显然很有吸引力。	For my daily needs, however, reliable transport matters more.｜然而，就我的日常需求而言，可靠的交通更重要。	My preference depends on practical circumstances rather than an ideal picture.｜我的偏好取决于实际情况，而不是理想化的图景。
42	Modern cavemen｜现代洞穴人	活动动机、准备过程与空间描写	说明一项探险活动的准备、路线和所见	洞穴探险的吸引力与准备要求	深入洞穴的路线和地下景观	The expedition required careful preparation and a dependable team.｜这次探险需要周密准备和可靠的团队。	Beyond the narrow passage, the space opened into a vast chamber.｜穿过狭窄的通道后，眼前出现了一个巨大的洞室。	The scale of the place was difficult to appreciate from photographs.｜仅从照片很难感受这个地方的规模。
43	Fully insured｜全保险	风险和代价、过程说明与意外	讲清一次异常事故的处理过程和风险变化	保险业务与巨型馅饼盘的背景	盘子沉没、两次打捞及最终上岸	The larger the risk, the more carefully we need to prepare.｜风险越大，我们越需要认真准备。	The first attempt failed when the load became unbalanced.｜第一次尝试因重物失去平衡而失败。	A revised plan allowed the team to complete the operation.｜修改后的方案让团队完成了这次操作。
44	Speed and comfort｜又快捷又舒适	多方案比较、评价标准与说服	比较出行方式，并按时间、舒适度等标准解释选择	长途火车旅行的不便	海空旅行的对比及飞行的优点	The cheapest option is not always the most convenient.｜最便宜的选择未必最方便。	I would compare the total travel time as well as the ticket price.｜除了票价，我还会比较总出行时间。	For this journey, arriving rested is worth the extra cost.｜就这次行程而言，多花一点钱换来抵达时精力充沛是值得的。
45	The power of the press｜新闻报道的威力	媒体影响、让步与代价分析	讨论报道带来的帮助和侵扰，并举例支持	新闻自由及其可能被滥用的影响	五胞胎家庭受关注后的收益和代价	Public attention can bring opportunities as well as pressure.｜公众关注既能带来机会，也会带来压力。	The family gained support but lost much of its privacy.｜这个家庭得到了支持，却失去了许多隐私。	A responsible report should consider the people affected by it.｜负责任的报道应考虑受其影响的人。
46	Do it yourself｜自己动手	概括与实例、计划和失败原因	说明一次动手尝试，并分析何时应寻求帮助	自己动手的风气与个人项目习惯	拆修割草机、剩余零件与未完成的工作	I underestimated how difficult it would be to put everything back together.｜我低估了把所有东西重新装好的难度。	After several attempts, I still had parts left over.｜尝试几次后，我仍有零件没装上。	Next time, I will decide earlier whether to ask an expert for help.｜下次我会更早决定是否请专业人员帮忙。
47	Too high a price?｜代价太高？	问题分类、数据对比与社会代价	说明污染的不同来源，并区分数据与观点	垃圾处理、农业生产及污染代价	噪声来源、调查数字与安静的缺失	A low price can hide costs that are paid elsewhere.｜低价可能掩盖了在别处付出的代价。	The survey describes several sources of unwanted noise.｜这项调查列出了几种令人不快的噪声来源。	We should examine both the benefit and the wider impact.｜我们应该同时考察好处和更广泛的影响。
48	The silent village｜沉默的村庄	环境描写、态度推断与预期修正	描写一次不受欢迎的到访，并区分观察与猜测	对偏远村庄的想象与前往过程	村民反应、沉默气氛及离开	We expected a friendly welcome but received no reply.｜我们原以为会受到友好欢迎，却没有得到回应。	Their silence made us question our assumptions.｜他们的沉默让我们反思自己的想当然。	We decided to leave rather than impose on the residents.｜我们决定离开，以免打扰居民。
49	The ideal servant｜理想的仆人	人物表象、伏笔与反讽	用细节讲清人物评价怎样被后来的发现改变	姑母的家与对Bessie's工作的信任	晚宴失态、解雇及酒瓶的发现	At first, her work seemed beyond criticism.｜起初，她的工作似乎无可挑剔。	A series of small incidents later suggested a different picture.｜后来，一连串小事呈现出了另一番景象。	The final discovery explained details we had previously ignored.｜最后的发现解释了我们先前忽略的细节。
50	New Year resolutions｜新年的决心	目标、习惯与自我解释	制定可执行的小目标，并解释过去失败的原因	过大的新年目标与反复失败	作者锻炼和阅读计划的实施及回落	My original plan was too ambitious to maintain.｜我最初的计划过于宏大，难以坚持。	I will begin with a small action that fits my normal routine.｜我会从一项能融入日常安排的小行动开始。	If I miss a day, I will resume instead of abandoning the goal.｜如果漏掉一天，我会继续，而不会放弃目标。
51	Predicting the future｜预测未来	技术变化、过去预测与条件推测	评价一项预测哪些准确、哪些超出了当时认识	早期计算机与个人电脑的发展	历史预测、网络变化与未来可能性	The prediction was accurate in some respects but missed an important development.｜这项预测在某些方面准确，却漏掉了一项重要发展。	A trend can be visible long before its consequences are clear.｜一种趋势可能早已出现，而其后果仍不清楚。	I would present my forecast as a possibility rather than a certainty.｜我会把预测表述为一种可能，而不是确定的事实。
52	Mud is mud｜实事求是	条件设想、恶作剧与反转	讲述一次自作聪明的尝试及其意外结果	奇特瓶中物与来客的疑问	商店恶作剧、真的商品与付款脱身	I asked for something I assumed did not exist.｜我索要了一件自己以为并不存在的东西。	To my surprise, the assistant produced exactly what I had requested.｜出乎意料，店员拿出了我所要求的东西。	I had to admit that the joke had turned against me.｜我不得不承认，这个玩笑反而让我吃了亏。
53	In the public interest｜为了公众的利益	制度说明、投诉流程与证据核实	有条理地说明投诉与调查过程，区分指控和证据	监督制度的设立、职责及作用	具体投诉、否认、调查与纠正	A complaint should describe specific events rather than make vague accusations.｜投诉应描述具体事件，而不是作模糊指责。	An independent review helped establish what had happened.｜独立审查帮助查明了事情的经过。	The conclusion should follow from the evidence collected.｜结论应以收集到的证据为依据。
54	Instinct or cleverness?｜是本能还是机智？	观察、假设与出乎预期的对策	描述一次观察，并提出有保留的解释	人对昆虫的感受与花园观察	阻挡蚂蚁的办法、绕路及反思	I expected the barrier to solve the problem.｜我原以为这道障碍能解决问题。	The insects found a route I had not considered.｜昆虫找到了一条我没有考虑到的路线。	The observation raises a question, but it does not settle the explanation.｜这次观察提出了一个问题，却未能确定其解释。
55	From the earth: Greetings｜来自地球的问候	科学条件、尺度与假设性结论	解释一种科学可能性所需的条件，并标明不确定性	寻找行星及适宜生命的条件	寻找生命的困难、微生物与发现意义	Finding a suitable environment is only the first step.｜找到合适的环境只是第一步。	Whether life could exist there depends on several conditions.｜那里是否可能存在生命，取决于几个条件。	Even a simple form of life would have profound implications.｜即使是简单的生命形式，也会有深远的意义。
56	Our neighbour, the river｜河流，我们的邻居	关系描写、气氛转变与险情叙事	描述一个地方平日的作用和突发变化	河流在农场生活中的作用与活动	洪水征兆、邻居木筏与救援	The river normally supports the life of the whole village.｜这条河平时支撑着整个村庄的生活。	After days of rain, a familiar landscape became threatening.｜连日降雨后，熟悉的景色变得险象环生。	The neighbours worked together to bring the stranded family ashore.｜邻居们齐心协力，把受困的一家人救上了岸。
57	Back in the old country｜重返故里	回忆、现实对照与悬念揭示	连贯讲述重返旧地的经历，解释情感变化	离乡背景与寻找旧村的期待	路线疑惑、遇见当地人及水库真相	I expected the place to match the image in my memory.｜我原以为这个地方会与记忆中的景象一致。	The more I looked, the less familiar it seemed.｜我越看，越觉得陌生。	Learning what had changed helped me understand my confusion.｜得知发生了哪些变化，帮助我理解了自己的困惑。
58	A spot of bother｜一点小麻烦	细节推断、事件调查与轻描淡写	按观察、推断、核实的顺序说明一次异常事件	回家发现门开着与屋内异常	求助、调查线索及暂住安排	The open door was the first sign that something was wrong.｜敞开的门是事情不对劲的第一个迹象。	I described what I had seen without guessing who was responsible.｜我描述了看到的情况，没有猜测是谁所为。	The officer advised me to stay elsewhere while the matter was investigated.｜调查期间，警员建议我暂住别处。
59	Collecting｜收藏	分类、动机与益处论证	解释一种爱好，比较无意堆积与有目的收藏	物品积累的原因与整理困难	有目的收藏带来的知识、交往与满足	There is a difference between keeping everything and building a collection.｜什么都留着和有目的地收藏是有区别的。	A clear focus helps me decide what is worth keeping.｜明确的方向帮助我决定哪些东西值得保留。	The hobby has introduced me to people with similar interests.｜这个爱好让我认识了志趣相投的人。
60	Too early and too late｜太早和太晚	观点与事例结合；时间安排与转述	讨论守时的分寸，用具体事例提出可行建议	守时的重要性及过早、过迟的问题	女孩乘车、时刻表标记及错失列车	Leaving no margin for delay makes a simple journey stressful.｜不给延误留余地，会让简单的行程也充满压力。	Arriving early is useful only if I have checked the correct details.｜只有核对了正确信息，提前到达才有用。	I now confirm the service and allow time for unexpected changes.｜我现在会确认班次，并为意外变化留出时间。
